Spins,R1,R1_Error,R2,R2_Error,NOE,NOE_Error,S2,S2_Error,Rex,Rex_Error
28.0,0.85267,0.0067,18.3689,0.32374,0.75452,0.01917,0.839,0.016,,
29.0,0.85047,0.0049,19.84101,0.18754,0.83381,0.01473,1.0,0.004,0.0,0.129
30.0,0.82847,0.00511,21.51696,0.26499,0.82341,0.01686,0.97,0.005,,
31.0,0.79918,0.00404,22.64622,0.14037,0.7241,0.01237,0.958,0.004,1.871,0.166
32.0,0.78467,0.00428,21.14772,0.2655,0.79879,0.01788,0.966,0.006,,
33.0,0.76057,0.00484,20.93639,0.11649,0.80233,0.01484,0.959,0.004,,
34.0,0.73433,0.00412,20.52846,0.11203,0.85976,0.01927,0.933,0.004,,
35.0,0.75913,0.00364,19.34894,0.23248,0.79508,0.01313,0.939,0.004,,
36.0,0.74899,0.00404,19.34241,0.15023,0.82624,0.01491,0.92,0.004,,
37.0,0.73633,0.00403,22.58552,0.21248,0.76825,0.01744,0.905,0.006,2.801,0.253
38.0,0.74203,0.00352,21.34718,0.20387,0.76576,0.01199,0.907,0.005,1.636,0.22
39.0,0.73525,0.00421,19.19306,0.18504,0.79335,0.01575,0.896,0.005,,
40.0,0.71813,0.00598,21.63257,0.15256,0.80837,0.02774,0.891,0.009,2.194,0.245
41.0,0.74974,0.00421,18.74587,0.11967,0.82161,0.0154,0.834,0.008,,
42.0,0.7331,0.00276,20.13657,0.12803,0.79106,0.01205,0.922,0.003,,
43.0,0.71153,0.00348,16.91355,0.11228,0.60683,0.01231,0.854,0.012,,
44.0,0.66815,0.01112,18.2633,0.44825,0.7973,0.04042,0.756,0.014,,
45.0,0.70422,0.00654,17.51594,0.29258,0.77403,0.02044,0.922,0.004,,
46.0,0.76749,0.00717,20.81427,0.07973,0.79079,0.01542,0.981,0.004,,
47.0,0.76802,0.00483,22.53906,0.25123,0.80563,0.01467,0.874,0.006,,
48.0,0.76207,0.00728,20.04316,0.13085,0.77327,0.01791,1.0,0.005,,
49.0,0.77752,0.00785,22.86497,0.38704,0.81526,0.02624,1.0,0.003,,
50.0,0.8009,0.00424,23.28129,0.1565,0.80401,0.01162,0.971,0.008,,
51.0,0.79081,0.00786,20.16974,0.33926,0.80887,0.02439,0.891,0.007,,
52.0,0.85769,0.00683,20.75116,0.24693,0.58439,0.02262,0.753,0.006,1.054,0.285
53.0,0.90906,0.007,16.87176,0.12063,0.72759,0.01584,0.944,0.005,,
54.0,0.87436,0.00569,20.50827,0.23877,0.81175,0.0178,1.0,0.003,,
55.0,0.82101,0.00409,19.99093,0.2239,0.82031,0.02074,0.983,0.013,0.0,0.148
56.0,0.73981,0.00434,19.33804,0.22367,0.72505,0.01973,0.922,0.005,,
57.0,0.73445,0.01321,23.37552,0.65717,0.76854,0.03448,0.992,0.003,,
58.0,0.70633,0.00487,20.55894,0.2248,0.82315,0.01807,0.901,0.008,,
59.0,0.74025,0.00407,22.94776,0.08904,0.79348,0.01655,0.895,0.008,,
60.0,0.69774,0.00722,19.1263,0.3556,0.7981,0.01837,0.874,0.009,,
61.0,0.70055,0.00893,19.68886,0.28421,0.79039,0.03251,0.966,0.004,,
63.0,0.68372,0.00527,23.58132,0.20797,0.74922,0.02324,0.893,0.008,3.619,0.291
64.0,0.77448,0.00475,20.90895,0.14074,0.78483,0.0154,0.943,0.009,,
65.0,0.73111,0.00533,20.88676,0.23102,0.72354,0.0166,0.968,0.006,1.255,0.286
66.0,0.743,0.00767,20.92869,0.45675,0.82928,0.03044,1.0,0.006,,
68.0,0.81708,0.00992,21.57292,0.56215,0.77402,0.01704,1.0,0.006,,
69.0,0.89368,0.01282,23.09463,0.32702,0.83571,0.03082,1.0,0.005,,
71.0,0.85564,0.00701,20.28879,0.21299,0.85391,0.02362,0.987,0.007,0.0,0.179
72.0,0.84425,0.00745,23.60013,0.28034,0.82214,0.0201,0.96,0.009,,
73.0,0.81031,0.00776,20.78687,0.21644,0.85186,0.02385,0.961,0.008,,
74.0,0.73634,0.00667,23.52942,0.3925,0.8259,0.02537,0.906,0.009,1.836,0.433
75.0,0.74345,0.00794,21.78604,0.30859,0.80528,0.02448,0.919,0.008,,
76.0,0.72116,0.00746,23.33907,0.60804,0.88778,0.02841,0.96,0.005,3.587,0.642
78.0,0.72484,0.00495,24.9896,0.15891,0.77967,0.0171,0.861,0.006,4.348,0.229
79.0,0.76057,0.0038,22.18626,0.12723,0.8577,0.01299,0.921,0.007,1.184,0.161
80.0,0.70211,0.00442,19.36348,0.17102,0.75181,0.01468,0.938,0.007,0.508,0.221
81.0,0.70545,0.00591,21.1267,0.49829,0.83867,0.01998,0.814,0.005,,
82.0,0.74752,0.00462,22.72761,0.14396,0.81577,0.0183,0.866,0.008,2.067,0.211
83.0,0.75242,0.00535,17.846,0.09358,0.78726,0.01523,0.983,0.003,,
84.0,0.6926,0.00544,22.49831,0.41226,0.77724,0.01696,0.893,0.003,3.279,0.444
85.0,0.74747,0.00326,22.53603,0.12078,0.82839,0.01134,0.847,0.005,,
86.0,0.71177,0.00286,19.46856,0.09155,0.83645,0.01214,0.85,0.008,,
87.0,0.68918,0.00341,22.05279,0.23768,0.77046,0.01229,0.887,0.007,3.534,0.262
88.0,0.6671,0.00506,22.52127,0.27437,0.69491,0.0226,0.876,0.008,2.872,0.336
89.0,0.67937,0.00291,19.90333,0.10727,0.80845,0.01441,0.94,0.005,,
90.0,0.6992,0.00658,20.03495,0.30584,0.76383,0.01679,0.938,0.009,,
91.0,0.71632,0.00569,19.60473,0.40268,0.75814,0.01837,0.976,0.009,,
92.0,0.85853,0.00683,20.19185,0.19132,0.77279,0.01838,0.881,0.007,,
93.0,0.7648,0.00426,20.93023,0.13096,0.82819,0.01653,0.91,0.004,,
94.0,0.73564,0.00651,23.69515,0.28256,0.757,0.01675,0.913,0.007,2.383,0.331
95.0,0.74865,0.00844,23.16688,0.37779,0.77601,0.02809,0.794,0.014,,
96.0,0.72703,0.0047,20.60905,0.17322,0.74854,0.01653,1.0,0.008,1.522,0.225
97.0,0.73615,0.00413,19.83143,0.14022,0.79622,0.01554,0.966,0.004,,
98.0,0.7224,0.00582,20.52402,0.27003,0.7551,0.01551,0.846,0.006,,
99.0,0.77337,0.00505,18.47198,0.31348,0.73867,0.0173,0.869,0.009,,
100.0,0.87187,0.01017,23.74459,0.91482,0.78388,0.03432,0.896,0.007,,
101.0,0.7292,0.00409,22.26341,0.13799,0.78676,0.01703,0.767,0.006,,
102.0,0.6697,0.0042,23.14417,0.19155,0.72038,0.01364,0.939,0.007,3.92,0.236
103.0,0.67452,0.00791,21.02245,0.41708,0.78255,0.0285,0.858,0.011,,
105.0,0.73781,0.00554,19.35691,0.25187,0.75141,0.02221,0.901,0.006,,
106.0,0.68158,0.00467,16.80282,0.13288,0.72219,0.01572,0.934,0.006,,
108.0,0.71961,0.00596,21.74093,0.33151,0.76691,0.02803,0.912,0.004,,
109.0,0.66135,0.00868,20.1344,0.6457,0.76741,0.02318,0.932,0.008,,
110.0,0.70148,0.0039,24.94879,0.1108,0.77418,0.01512,0.93,0.008,4.407,0.18
111.0,0.72021,0.00478,22.60927,0.11752,0.84595,0.01972,1.0,0.003,1.619,0.182
112.0,0.70906,0.00499,20.64593,0.11399,0.79671,0.01776,0.755,0.003,,
113.0,0.8298,0.00397,20.36312,0.14921,0.80007,0.0126,0.874,0.007,,
114.0,0.8546,0.0096,20.54775,0.53521,0.7122,0.02331,0.93,0.007,,
115.0,0.85124,0.00518,23.86025,0.20925,0.80943,0.01877,0.888,0.009,,
116.0,0.87267,0.00459,16.71231,0.06579,0.71788,0.01057,0.979,0.008,,
117.0,0.76199,0.00409,18.99163,0.15946,0.77651,0.01506,0.942,0.008,,
118.0,0.76284,0.00649,20.05597,0.22632,0.78819,0.02015,0.917,0.008,,
119.0,0.70708,0.00693,20.12645,0.46754,0.76518,0.01812,0.682,0.005,,
120.0,0.74373,0.00562,23.21569,0.17541,0.84773,0.02157,0.913,0.007,0.864,0.244
121.0,0.70712,0.00662,22.65711,0.52101,0.80523,0.01943,0.923,0.005,,
122.0,0.72258,0.00613,20.91287,0.18168,0.83679,0.02358,0.9,0.007,0.721,0.26
124.0,0.70985,0.00388,15.8492,0.11283,0.75653,0.01416,0.986,0.009,,
125.0,0.72337,0.00472,24.91469,0.14312,0.75569,0.01376,0.898,0.006,4.361,0.213
126.0,0.725,0.00392,21.75284,0.26344,0.85706,0.02084,0.986,0.009,1.366,0.295
127.0,0.70417,0.00515,19.88579,0.36574,0.81207,0.01811,1.0,0.006,,
128.0,0.74671,0.00733,27.92453,0.5285,0.83792,0.02709,0.893,0.004,5.383,0.556
129.0,0.72809,0.00652,19.04744,0.20855,0.79952,0.03259,0.902,0.006,,
131.0,0.78331,0.00715,23.13454,0.34567,0.88577,0.02793,0.956,0.005,1.633,0.403
132.0,0.79724,0.00896,22.9722,0.4665,0.8107,0.02986,0.93,0.007,,
134.0,0.78072,0.00543,19.40379,0.08353,0.79617,0.01577,0.908,0.006,,
135.0,0.73689,0.00403,21.65202,0.22909,0.76129,0.01346,0.937,0.008,1.982,0.255
136.0,0.75982,0.00422,21.75949,0.27183,0.80034,0.0129,0.905,0.006,,
137.0,0.74106,0.00608,21.04734,0.46185,0.7817,0.01875,0.891,0.011,,
138.0,0.73088,0.00557,19.42382,0.19247,0.82954,0.01763,0.942,0.009,,
139.0,0.75063,0.00603,21.47266,0.15282,0.9,0.03022,0.958,0.005,1.178,0.228
140.0,0.74526,0.00379,20.22422,0.23567,0.74945,0.01533,0.942,0.006,0.581,0.261
141.0,0.80944,0.00433,19.41188,0.20545,0.81951,0.01345,1.0,0.004,,
142.0,0.75817,0.00588,23.80286,0.30707,0.79089,0.0182,0.944,0.004,3.122,0.368
143.0,0.77231,0.00468,21.19573,0.2507,0.77019,0.01357,0.948,0.006,,
144.0,0.77239,0.00506,20.55635,0.21399,0.75211,0.01517,0.871,0.008,,
146.0,0.80045,0.00581,22.9042,0.24721,0.79447,0.0233,0.935,0.004,,
147.0,0.73086,0.00451,21.13731,0.15822,0.83654,0.01917,0.836,0.011,,
148.0,0.76341,0.0051,20.88891,0.21594,0.78915,0.01801,0.9,0.007,,
149.0,0.6995,0.00562,22.69684,0.1649,0.79943,0.01903,0.959,0.008,3.568,0.231
150.0,0.71995,0.00437,21.01775,0.11612,0.79065,0.01551,0.97,0.005,,
151.0,0.71433,0.00449,18.53891,0.23946,0.7957,0.01605,0.946,0.004,,
152.0,0.73745,0.00532,21.91678,0.32992,0.75469,0.01221,0.955,0.007,2.322,0.359
153.0,0.76102,0.00494,24.61703,0.27576,0.80162,0.01727,0.976,0.004,3.338,0.314
154.0,0.7629,0.0039,22.13878,0.3293,0.77811,0.01345,0.895,0.014,,
155.0,0.74688,0.0037,20.8916,0.12203,0.8307,0.01587,0.865,0.015,,
156.0,0.77522,0.00497,23.08632,0.18845,0.76531,0.01687,0.989,0.008,2.128,0.248
157.0,0.75264,0.00452,22.6009,0.20891,0.77522,0.01277,0.991,0.007,,
158.0,0.8282,0.00774,20.5167,0.29356,0.77575,0.02142,0.933,0.01,,
159.0,0.80286,0.00649,19.04029,0.31502,0.7944,0.02024,0.931,0.024,,
160.0,0.78612,0.00799,22.20995,0.45896,0.86919,0.0293,0.876,0.014,,
161.0,0.78556,0.00855,21.69239,0.27442,0.77323,0.02004,0.923,0.004,,
162.0,0.7348,0.00881,20.9313,0.45222,0.9054,0.03278,0.875,0.006,,
163.0,0.73614,0.02088,21.19344,1.226,0.76112,0.03932,0.955,0.006,,
164.0,0.68767,0.01123,21.4818,0.13495,0.80715,0.04486,0.963,0.005,2.134,0.343
165.0,0.72604,0.00674,20.05909,0.09196,0.8557,0.0333,0.965,0.004,,
168.0,0.77094,0.00463,20.02004,0.13866,0.78334,0.01784,0.961,0.005,,
169.0,0.74514,0.00623,30.72043,0.28427,0.76382,0.01644,1.0,0.006,8.91,0.352
170.0,0.78601,0.00312,21.69259,0.15686,0.75989,0.00889,0.942,0.003,,
171.0,0.77251,0.00466,21.57419,0.23735,0.77805,0.01623,0.922,0.009,,
172.0,0.83386,0.00817,21.33108,0.19546,0.79075,0.01887,0.933,0.003,,
173.0,0.80234,0.00653,23.71742,0.33459,0.74274,0.01936,0.985,0.01,,
175.0,0.8201,0.00754,20.41425,0.18585,0.67793,0.0221,1.0,0.007,,
176.0,0.81011,0.0034,19.86231,0.08579,0.72328,0.00977,0.938,0.006,,
177.0,0.88831,0.00737,21.82703,0.21644,0.74492,0.01354,0.841,0.006,1.703,0.236
178.0,0.87261,0.00644,20.3451,0.06327,0.7809,0.01279,0.97,0.008,,
179.0,0.7766,0.01052,21.63453,0.28474,0.79105,0.03231,0.872,0.007,,
180.0,0.79794,0.00497,22.11644,0.19163,0.83779,0.02005,0.878,0.005,,
181.0,0.77718,0.00726,21.6598,0.30792,0.71637,0.01858,0.949,0.006,1.191,0.366
182.0,0.68084,0.00478,20.16208,0.07636,0.77739,0.01943,0.953,0.007,1.744,0.17
184.0,0.7526,0.0051,21.78629,0.2893,0.78208,0.02037,0.978,0.005,,
185.0,0.71457,0.00395,20.07556,0.13412,0.75159,0.01541,0.95,0.007,1.051,0.188
186.0,0.70335,0.0054,22.88461,0.28707,0.77387,0.02009,0.973,0.004,3.426,0.332
187.0,0.73794,0.0041,23.64776,0.20732,0.79995,0.0162,0.864,0.005,2.142,0.246
188.0,0.75595,0.00435,20.32968,0.20873,0.81141,0.01644,0.842,0.008,,
189.0,0.7715,0.005,22.09541,0.37826,0.80257,0.01558,0.959,0.008,,
190.0,0.76348,0.00488,21.00771,0.33704,0.73645,0.01817,0.84,0.003,,
191.0,0.74495,0.00432,22.20693,0.23898,0.82015,0.01597,0.849,0.006,,
192.0,0.76901,0.00477,17.41478,0.13598,0.83564,0.0132,0.67,0.008,,
193.0,0.69979,0.00504,22.72161,0.30566,0.75629,0.01655,0.921,0.007,3.674,0.334
194.0,0.70923,0.0053,19.33618,0.08847,0.77633,0.01866,0.838,0.005,,
195.0,0.81588,0.00623,20.64896,0.2223,0.75691,0.01725,0.946,0.005,,
196.0,0.93549,0.00472,18.55527,0.15404,0.79295,0.01145,0.947,0.006,,
197.0,0.80559,0.00609,19.21389,0.16968,0.62773,0.01884,0.94,0.006,,
198.0,0.74913,0.00262,15.51393,0.06834,0.41216,0.00743,0.927,0.005,,
199.0,0.73663,0.00389,22.04942,0.15253,0.72177,0.01552,0.886,0.005,1.306,0.201
200.0,0.721,0.00615,18.85109,0.20222,0.72677,0.01764,0.961,0.003,,
201.0,0.7791,0.00536,20.20354,0.29374,0.77097,0.01681,0.927,0.004,,
202.0,0.76834,0.00319,19.91363,0.20546,0.7525,0.01254,0.934,0.008,,
203.0,0.76398,0.00436,20.04044,0.19403,0.83914,0.01644,0.934,0.012,,
204.0,0.762,0.00333,20.59331,0.24068,0.81316,0.01111,0.89,0.004,,
205.0,0.74234,0.00398,22.97317,0.25737,0.80423,0.01735,0.952,0.004,2.578,0.291
206.0,0.71929,0.00447,21.37806,0.22868,0.80127,0.01349,0.917,0.016,2.13,0.269
207.0,0.76196,0.00505,21.1448,0.17728,0.82987,0.0181,1.0,0.012,,
208.0,0.74282,0.00415,21.5357,0.08329,0.83039,0.01779,1.0,0.002,1.491,0.143
209.0,0.76255,0.00472,20.39778,0.07475,0.78354,0.01643,0.937,0.008,,
210.0,0.74796,0.00413,20.21061,0.13097,0.85385,0.01462,1.0,0.008,,
211.0,0.71378,0.00711,22.30822,0.48597,0.88638,0.03003,1.0,0.02,3.063,0.494
212.0,0.77127,0.00857,25.18903,0.4702,0.77669,0.02623,0.912,0.008,4.341,0.542
213.0,0.72991,0.00354,22.04818,0.25852,0.85645,0.01388,0.934,0.01,2.097,0.269
214.0,0.75837,0.00703,23.58594,0.21327,0.78279,0.02275,1.0,0.005,,
215.0,0.78693,0.02301,25.11912,1.76673,0.73379,0.04095,0.825,0.007,,
216.0,0.79436,0.01135,27.7152,1.03456,0.66613,0.03084,0.893,0.006,7.397,1.054
217.0,0.82545,0.00604,22.52343,0.06296,0.78312,0.01853,0.855,0.013,,
218.0,0.87489,0.01094,26.7646,0.79007,0.88722,0.03367,0.807,0.011,,
220.0,0.73857,0.00563,44.03449,0.45203,0.63489,0.01819,0.964,0.011,3.207,0.47
221.0,0.71933,0.01845,21.66386,0.74301,0.65918,0.03297,0.807,0.006,,
222.0,0.79401,0.01422,23.8851,0.42282,0.77242,0.03992,0.945,0.012,,
223.0,0.82567,0.00356,18.07761,0.19657,0.75224,0.01094,0.945,0.007,,
224.0,0.7509,0.00388,19.26177,0.15254,0.687,0.01668,0.871,0.01,,
225.0,0.67637,0.0038,21.64061,0.12857,0.76073,0.01888,0.958,0.006,2.385,0.193
227.0,0.71271,0.00304,17.90884,0.13092,0.75989,0.01181,0.914,0.003,,
228.0,0.76653,0.01241,20.39565,0.4798,0.73001,0.02413,1.0,0.02,,
229.0,0.80478,0.00378,17.7779,0.21141,0.71011,0.01098,1.0,0.009,,
230.0,0.69957,0.00975,23.21783,0.42477,0.77321,0.02988,0.777,0.016,,
231.0,0.71742,0.00435,22.231,0.2074,0.85622,0.01651,0.984,0.003,0.651,0.243
232.0,0.67651,0.00893,19.9848,0.58876,0.77276,0.03038,0.881,0.004,,
233.0,0.73986,0.00624,21.94179,0.22632,0.79201,0.01842,1.0,0.005,,
234.0,0.68667,0.00815,20.90056,0.59686,0.80713,0.02544,0.957,0.004,,
236.0,0.78769,0.00801,21.7193,0.34106,0.88998,0.0284,0.972,0.01,0.0,0.258
238.0,0.75549,0.00539,23.24076,0.19133,0.75925,0.01679,1.0,0.008,,
239.0,0.80839,0.00669,17.1811,0.43787,0.66437,0.01828,0.981,0.008,,
240.0,0.77448,0.00835,22.36595,0.47286,0.81231,0.01744,0.809,0.009,,
241.0,0.80067,0.00561,20.05653,0.34405,0.76482,0.01903,0.943,0.008,,
242.0,0.8283,0.0051,22.97074,0.25578,0.83063,0.01478,0.972,0.013,,
243.0,0.81325,0.0053,22.63015,0.10028,0.78493,0.01224,0.822,0.005,0.958,0.133
244.0,0.77288,0.00689,22.36811,0.33,0.76587,0.01813,0.863,0.014,,
245.0,0.77485,0.00559,23.7499,0.31701,0.80946,0.02793,0.871,0.005,,
246.0,0.7334,0.009,23.52405,0.73747,0.82282,0.02798,0.863,0.008,,
247.0,0.70649,0.00504,19.78196,0.11633,0.78305,0.01487,1.0,0.009,,
248.0,0.68321,0.00625,18.66482,0.17306,0.7543,0.0198,0.904,0.009,,
249.0,0.7232,0.00609,22.19026,0.2071,0.85693,0.02808,0.93,0.006,0.898,0.27
250.0,0.75997,0.00744,23.54721,0.19699,0.84084,0.02299,0.868,0.008,2.019,0.283
252.0,0.68234,0.00616,26.44431,0.38544,0.71842,0.01917,0.912,0.007,8.609,0.432
253.0,0.70375,0.00917,25.17381,0.69489,0.75953,0.02937,0.903,0.006,6.311,0.741
254.0,0.68312,0.0025,21.95626,0.08409,0.72987,0.01639,0.899,0.005,2.011,0.138
256.0,0.70354,0.01141,19.19141,0.67411,0.76436,0.02572,0.967,0.007,,
257.0,0.78875,0.00754,22.4904,0.36152,0.82848,0.0275,1.0,0.007,,
258.0,0.72688,0.00767,18.89805,0.2899,0.7472,0.03271,0.861,0.004,,
259.0,0.70361,0.0066,23.35806,0.14057,0.80262,0.03421,0.902,0.009,2.063,0.248
260.0,0.67488,0.00571,22.6259,0.23912,0.72859,0.02026,0.982,0.003,2.561,0.312
261.0,0.69381,0.0051,20.36331,0.25345,0.80295,0.01563,0.877,0.002,,
262.0,0.70793,0.00635,20.45103,0.25487,0.76331,0.02579,1.0,0.01,,
263.0,0.6943,0.0057,20.89015,0.35218,0.74627,0.01764,1.0,0.002,,
264.0,0.74463,0.00541,26.87599,0.10888,0.76506,0.01243,0.871,0.004,4.503,0.187
265.0,0.74802,0.00731,24.63724,0.43439,0.819,0.03227,1.0,0.007,,
266.0,0.84606,0.005,19.07881,0.14392,0.76693,0.01563,0.957,0.007,,
267.0,0.78148,0.00725,20.8865,0.1523,0.75428,0.02263,0.949,0.009,,
268.0,0.80074,0.0048,21.55017,0.18506,0.80304,0.01474,0.926,0.006,,
269.0,0.77427,0.00491,19.61413,0.21167,0.71711,0.01812,0.882,0.007,,
271.0,0.86829,0.00448,22.61556,0.27871,0.82436,0.01624,0.936,0.006,,
272.0,0.80471,0.00359,21.78458,0.16696,0.80452,0.0097,0.95,0.011,,
273.0,0.77576,0.00525,19.35053,0.21517,0.79868,0.0167,0.967,0.005,,
274.0,0.82321,0.00391,22.15286,0.09004,0.80383,0.01597,0.895,0.003,,
275.0,0.76301,0.00398,21.00307,0.18083,0.77932,0.01453,0.957,0.004,,
276.0,0.75505,0.00536,22.56187,0.07848,0.88343,0.022,1.0,0.003,1.876,0.17
277.0,0.74167,0.00524,22.66694,0.22716,0.7529,0.01773,1.0,0.002,2.023,0.278
278.0,0.83606,0.00459,19.38438,0.19259,0.76913,0.02177,0.966,0.01,,
279.0,0.75037,0.00431,20.85309,0.14296,0.85846,0.02283,1.0,0.01,0.606,0.191
280.0,0.73739,0.0064,22.0692,0.31655,0.77901,0.01865,0.778,0.02,,
